dataset,unique_moduli,records,bits,actual_weak_fraction,algorithm,backend,repeat,status,total_seconds,preprocess_seconds,conversion_seconds,product_tree_seconds,remainder_tree_seconds,final_gcd_seconds,fallback_seconds,pairwise_seconds,assemble_seconds,fallback_candidates,fallback_gcd_calls,pairwise_gcd_calls,peak_rss_bytes,expected_recoverable,correctly_factored,false_positives,false_negatives,verified_decryption_moduli,verification_passed,worker_wall_seconds,error
n-100,100,100,2048,0.06,pairwise,gmpy2,1,ok,0.058608100000128616,0.00014940000073693227,6.799999937356915e-05,0.0,0.0,0.0,0.0,0.058102299999518436,0.00028330000168352854,0,0,4950,28958720,6,6,0,0,6,True,0.41299869999966177,
n-100,100,100,2048,0.06,batch,gmpy2,1,ok,0.009094399998502922,0.00037089999932504725,6.810000013501849e-05,0.0007915999995020684,0.006332700000712066,0.001314700000875746,1.9999970390927047e-07,0.0,0.0002105999992636498,0,0,0,29409280,6,6,0,0,6,True,0.3583237000002555,
n-100,100,100,2048,0.06,batch,gmpy2,2,ok,0.0088553999994474,0.00015590000111842528,6.999999823165126e-05,0.0008119000012811739,0.006288099999437691,0.001316699999733828,3.0000046535860747e-07,0.0,0.0002077999997709412,0,0,0,29532160,6,6,0,0,6,True,0.3395952999999281,
n-100,100,100,2048,0.06,pairwise,gmpy2,2,ok,0.06016980000094918,0.00015730000086477958,5.9699999837903306e-05,0.0,0.0,0.0,0.0,0.05969899999945483,0.0002491999985068105,0,0,4950,28938240,6,6,0,0,6,True,0.46876290000000154,
n-100,100,100,2048,0.06,pairwise,gmpy2,3,ok,0.06357179999940854,0.00017110000044340268,7.379999988188501e-05,0.0,0.0,0.0,0.0,0.06307599999854574,0.0002459999996062834,0,0,4950,28938240,6,6,0,0,6,True,0.4684574999992037,
n-100,100,100,2048,0.06,batch,gmpy2,3,ok,0.009032899999510846,0.00014969999938330147,6.539999958476983e-05,0.0008170000000973232,0.0061867000003985595,0.001549900000100024,3.0000046535860747e-07,0.0,0.00025909999931172933,0,0,0,29437952,6,6,0,0,6,True,0.38017170000057376,
n-300,300,300,2048,0.05333333333333334,pairwise,gmpy2,1,ok,0.5343274000006204,0.00046830000064801425,0.00015209999946819153,0.0,0.0,0.0,0.0,0.5331813000011607,0.0005203000000619795,0,0,44850,29523968,16,16,0,0,16,True,0.9768001000011282,
n-300,300,300,2048,0.05333333333333334,batch,gmpy2,1,ok,0.043370299999878625,0.0004731999997602543,0.00015530000018770806,0.003446000000622007,0.034931599999254104,0.0038764999990235083,1.9999970390927047e-07,0.0,0.00048179999976127874,0,0,0,30257152,16,16,0,0,16,True,0.41952169999967737,
n-300,300,300,2048,0.05333333333333334,batch,gmpy2,2,ok,0.042883900001470465,0.00048799999967741314,0.00017320000006293412,0.0034362000005785376,0.03433699999914097,0.003919200000382261,3.0000046535860747e-07,0.0,0.0005233000010775868,0,0,0,30552064,16,16,0,0,16,True,0.45885439999983646,
n-300,300,300,2048,0.05333333333333334,pairwise,gmpy2,2,ok,0.5301276000009238,0.00047230000018316787,0.0001578999999765074,0.0,0.0,0.0,0.0,0.528987199999392,0.0005053999993833713,0,0,44850,29569024,16,16,0,0,16,True,0.8896853000005649,
n-300,300,300,2048,0.05333333333333334,pairwise,gmpy2,3,ok,0.5299915000014153,0.00045730000056209974,0.0001560000000608852,0.0,0.0,0.0,0.0,0.5288808000004792,0.0004924999993818346,0,0,44850,29593600,16,16,0,0,16,True,0.9759011000005557,
n-300,300,300,2048,0.05333333333333334,batch,gmpy2,3,ok,0.04300830000101996,0.00045759999920846894,0.000152900000102818,0.003441700000621495,0.03417289999924833,0.00424149999889778,2.00001522898674e-07,0.0,0.0005344000001059612,0,0,0,30330880,16,16,0,0,16,True,0.4600984000007884,
n-1000,1000,1000,2048,0.05,pairwise,gmpy2,1,ok,10.824945500000467,0.001455300000088755,0.0006810999984736554,0.0,0.0,0.0,0.0,10.81986489999872,0.0029376000002230285,0,0,499500,31997952,50,50,0,0,50,True,11.254940799999531,
n-1000,1000,1000,2048,0.05,batch,gmpy2,1,ok,0.18982039999900735,0.0014750999998796033,0.0004777999984071357,0.014863299998978619,0.15829830000075162,0.012820399999327492,3.9999940781854093e-07,0.0,0.001875399999335059,0,0,0,35168256,50,50,0,0,50,True,0.5574804999996559,
n-1000,1000,1000,2048,0.05,batch,gmpy2,2,ok,0.1925054999992426,0.0016596999994362704,0.000618199999735225,0.014755399999557994,0.16060369999831892,0.013092099999994389,3.0000046535860747e-07,0.0,0.0017669999997451669,0,0,0,35250176,50,50,0,0,50,True,0.6027579000001424,
n-1000,1000,1000,2048,0.05,pairwise,gmpy2,2,ok,6.06658939999943,0.00159929999972519,0.0004797000001417473,0.0,0.0,0.0,0.0,6.062693699999727,0.0018096000003424706,0,0,499500,31977472,50,50,0,0,50,True,6.469104199999492,
n-1000,1000,1000,2048,0.05,pairwise,gmpy2,3,ok,6.318308699999761,0.0014615999989473494,0.0004888999992544996,0.0,0.0,0.0,0.0,6.314391899999464,0.001960200001121848,0,0,499500,31961088,50,50,0,0,50,True,6.7077045000005455,
n-1000,1000,1000,2048,0.05,batch,gmpy2,3,ok,0.20103319999907399,0.0014599999994970858,0.0004890000000159489,0.015578200000163633,0.16860869999982242,0.013096900000164169,3.0000046535860747e-07,0.0,0.0017905000004247995,0,0,0,35205120,50,50,0,0,50,True,0.590330900000481,
n-3000,3000,3000,2048,0.05,pairwise,gmpy2,1,timeout,,,,,,,,,,,,,,150,,,,,,45.01266510000096,
n-3000,3000,3000,2048,0.05,batch,gmpy2,1,ok,0.7722575999996479,0.004850000001169974,0.001290500000322936,0.05847360000007029,0.6618211000004521,0.040989500001160195,5.000001692678779e-07,0.0,0.004819300000235671,0,0,0,49311744,150,150,0,0,150,True,1.1975850999988324,
n-3000,3000,3000,2048,0.05,batch,gmpy2,2,ok,0.8020317999998952,0.004495899998801178,0.0014200999994500307,0.06187169999975595,0.6882147000014811,0.04064019999896118,5.000001692678779e-07,0.0,0.00537850000000617,0,0,0,49344512,150,150,0,0,150,True,1.2258805000001303,
n-3000,3000,3000,2048,0.05,pairwise,gmpy2,2,timeout,,,,,,,,,,,,,,150,,,,,,45.02583909999885,
n-3000,3000,3000,2048,0.05,pairwise,gmpy2,3,timeout,,,,,,,,,,,,,,150,,,,,,45.0173949,
n-3000,3000,3000,2048,0.05,batch,gmpy2,3,ok,0.7798800999989908,0.006703499999275664,0.001717099999950733,0.06663619999926595,0.6578726999996434,0.04240109999955166,1.9999970390927047e-07,0.0,0.004537400000117486,0,0,0,49152000,150,150,0,0,150,True,1.2262848999998823,
