pool_size,keys,repeat,vulnerable_moduli,vulnerable_fraction,correctly_factored,verified_decryption_moduli,verification_passed,scan_seconds
4,60,1,60,1.0,60,60,True,0.047379600000567734
4,60,2,60,1.0,60,60,True,0.04273600000124134
4,60,3,60,1.0,60,60,True,0.04336990000047081
16,60,1,60,1.0,60,60,True,0.04229549999945448
16,60,2,57,0.95,57,57,True,0.0440948000014032
16,60,3,58,0.9666666666666667,58,58,True,0.044282799999564304
64,60,1,27,0.45,27,27,True,0.04459090000091237
64,60,2,33,0.55,33,33,True,0.08226360000116983
64,60,3,35,0.5833333333333334,35,35,True,0.06822939999983646
